File Name,Link
Administrasi Publik S1 (3) 2025 #3-32.pdf,https://drive.google.com/file/d/1O0f_mfg9CkznwJDE5PqM_5cFbsNvJodG/view
Administrasi Publik S1 (3) 2025 #3-35.pdf,https://drive.google.com/file/d/11Qb47GTw3XmlZ4ajY7N9a3xP6I9ap8vO/view
Administrasi Publik S1 (3) 2025 #3-33.pdf,https://drive.google.com/file/d/1hRsxuTAm6auKfNRZEWPq_HWftVT2-3R_/view
Administrasi Publik S1 (3) 2025 #3-10.pdf,https://drive.google.com/file/d/11iJr6GE2Q34zyQ7PT6k63HHOy0WGTEJZ/view
Administrasi Publik S1 (3) 2025 #3-21.pdf,https://drive.google.com/file/d/1HGDre2HKhSyv_EV-IBrU8nL6uzMq8-nv/view
Administrasi Publik S1 (3) 2025 #3-22.pdf,https://drive.google.com/file/d/1M6bzjHGpEsmowMqW9W_qyP4t1hjd7m-Z/view
Administrasi Publik S1 (3) 2025 #3-34.pdf,https://drive.google.com/file/d/1sGUOcxyMr282LYC2WsbNuenk7EtMHlWj/view
Administrasi Publik S1 (3) 2025 #3-23.pdf,https://drive.google.com/file/d/1m_Fw1iRgWuih1v9MH6N9VkpEkl65Y8tW/view
Administrasi Publik S1 (3) 2025 #3-24.pdf,https://drive.google.com/file/d/1zILkvo_B-oGU7cFIX6-v0nMEeStRKI4R/view
Administrasi Publik S1 (3) 2025 #3-29.pdf,https://drive.google.com/file/d/1ck8hrNkk-wC9298_E59CO-OZDUDveDw5/view
Administrasi Publik S1 (3) 2025 #3-12.pdf,https://drive.google.com/file/d/1jBjtMURLoAVu2CWkPWdjVo_dNxrDnyk1/view
Administrasi Publik S1 (3) 2025 #3-31.pdf,https://drive.google.com/file/d/18azwMPn4NulN9IhoP0Ls4a7xOu3qC-U6/view
Administrasi Publik S1 (3) 2025 #3-28.pdf,https://drive.google.com/file/d/1C5MUcBOiIGslpok8QA9UGBywC97g9-Ek/view
Administrasi Publik S1 (3) 2025 #3-13.pdf,https://drive.google.com/file/d/1d7VpaVdzQ-izhdY2-WEcgefHyr3ra2se/view
Administrasi Publik S1 (3) 2025 #3-14.pdf,https://drive.google.com/file/d/1YC58dyU5EcTRTKWjVPi0NeW4MZJYv6pr/view
Administrasi Publik S1 (3) 2025 #3-15.pdf,https://drive.google.com/file/d/1zPblsIs_bkqjLYYnCr5Wmtumfa8GXSbf/view
Administrasi Publik S1 (3) 2025 #3-25.pdf,https://drive.google.com/file/d/1tP90RgVr1DZUDDdpocn31pDcCDf5KxNV/view
Administrasi Publik S1 (3) 2025 #3-11.pdf,https://drive.google.com/file/d/11-2iiRXOnmi44VbxVIvuoQA8YLeNWxkC/view
Administrasi Publik S1 (3) 2025 #3-17.pdf,https://drive.google.com/file/d/16uNJPAkt5q9oC8spGistREkkthBAx-5l/view
Administrasi Publik S1 (3) 2025 #3-26.pdf,https://drive.google.com/file/d/1a0WYeFLgfhYMTzjyRqQw2qlCwniL17Lw/view
Administrasi Publik S1 (3) 2025 #3-9.pdf,https://drive.google.com/file/d/1W9yfQcy8WGit3rsH_U8HkCf-USP1fuyF/view
Administrasi Publik S1 (3) 2025 #3-19.pdf,https://drive.google.com/file/d/1dqT6pIGqdeMwR7xudOAnF9PDI7gw6kZ_/view
Administrasi Publik S1 (3) 2025 #3-16.pdf,https://drive.google.com/file/d/1YfHuZ5RXhnDvfsuJv8CiOl6hBTQ83W7m/view
Administrasi Publik S1 (3) 2025 #3-30.pdf,https://drive.google.com/file/d/1e4nKs0Yk7HMnBJ1tVwHNPEXHtBFCjJLC/view
Administrasi Publik S1 (3) 2025 #3-27.pdf,https://drive.google.com/file/d/12HGgfSmnmN6oYoL3RV5PD7nVoHtvDQLB/view
Administrasi Publik S1 (3) 2025 #3-20.pdf,https://drive.google.com/file/d/1j_8RIwG-SapYVMLvjsRUu4WN7h5DSyYq/view
Administrasi Publik S1 (3) 2025 #3-18.pdf,https://drive.google.com/file/d/1XX7EPqnNrNnkYNpInd3RsNh8AUpxPWqI/view
Administrasi Publik S1 (3) 2025 #3-4.pdf,https://drive.google.com/file/d/1Gh2vEBJaLkU-xwcjRGHW0gM4rnxiTDH2/view
Administrasi Publik S1 (3) 2025 #3-8.pdf,https://drive.google.com/file/d/1Hi6MZ701xQ7wIHgQaqa-OCidQfHVgdah/view
Administrasi Publik S1 (3) 2025 #3-5.pdf,https://drive.google.com/file/d/1IzItYaXLp0jXcN9XuGBBM7AgaGDR7kZJ/view
Administrasi Publik S1 (3) 2025 #3-7.pdf,https://drive.google.com/file/d/1E5LQ44PnSrAH5ciXGiSFMrbWnq7cOfiD/view
Administrasi Publik S1 (3) 2025 #3-6.pdf,https://drive.google.com/file/d/1havib2UtSH4qxnWPV77hQv_QtLB-YuTI/view
Administrasi Publik S1 (3) 2025 #3-1.pdf,https://drive.google.com/file/d/1lyUGuip5zqbq8LuNpj02M6Ofy1ugy7Wd/view
Administrasi Publik S1 (3) 2025 #3-2.pdf,https://drive.google.com/file/d/1EFCqwYNUv38zp-XmZMO4Moud6jZznCvN/view
Administrasi Publik S1 (3) 2025 #3-3.pdf,https://drive.google.com/file/d/1T1oiMnPPfn-5mZvcH6qX-GC5oMfO63XI/view
